week,recent_team,passing_epa,completions,attempts,passing_yards,passing_tds,interceptions,sacks,pacr
1,NYJ,-2.0319598843343556,0,1,0,0,0,1,0
13,CLE,-7.791563930410868,23,44,254,2,1,2,0.4677716390423573
14,CLE,-1.6544217481042307,26,45,311,3,1,1,0.9311377245508982
15,CLE,-17.392163456001864,28,44,374,2,3,4,0.9790575916230366
16,CLE,19.032988064660458,27,42,368,3,2,0,0.7796610169491526
17,CLE,6.1975739089539275,19,29,309,3,1,1,1.7262569832402235
1,LA,20.67998153272862,24,38,334,0,0,0,0.8166259168704156
2,LA,-5.089192700477703,34,55,307,1,2,1,0.8457300275482094
3,LA,-8.404790011332945,18,33,269,1,2,6,0.8485804416403786
4,LA,11.37435107669372,27,40,319,1,1,2,1.0740740740740742
5,LA,-2.536261009518057,21,37,222,2,0,4,0.6065573770491803
6,LA,3.271050272125505,15,24,226,1,0,3,1.1832460732984293
7,LA,-3.590840504016092,14,29,231,1,1,2,0.8783269961977186
8,LA,-4.978713984668223,13,22,162,1,1,1,1.0657894736842106
11,LA,-4.574814941957867,17,31,190,1,1,1,1.2025316455696202
12,LA,13.204231557474376,25,33,229,4,1,0,1.1927083333333333
13,LA,5.319123742495321,22,37,279,3,0,0,0.9554794520547946
14,LA,6.54873018331353,23,41,294,3,0,2,0.7636363636363637
15,LA,7.874736452077675,25,33,258,2,0,3,1.5
16,LA,15.034519595255833,24,34,328,2,0,1,1.1798561151079137
17,LA,0.8999966169358231,24,34,317,1,2,4,1.601010101010101
6,LV,4.752259165038733,6,10,102,0,0,0,0.85
7,LV,-13.533031918403136,17,32,129,0,2,1,0.5758928571428571
3,KC,-6.706045397208072,3,5,31,0,2,0,1
18,KC,-9.437241707955698,15,30,154,0,1,1,0.9221556886227545
3,CAR,4.548329591227218,34,58,361,2,0,3,0.7568134171907757
5,CAR,NA,0,0,0,0,0,0,NA
1,NYG,-0.544656885205768,2,2,6,0,0,0,0
3,NYG,-0.6515430161962286,0,1,0,0,0,0,0
5,NYG,2.4409939376013767,9,12,86,0,0,1,1.162162162162162
6,NYG,-2.130479126713199,24,36,200,0,0,3,0.8
7,NYG,4.930734614199577,18,29,279,2,0,4,0.8773584905660378
8,NYG,-10.349500579329142,4,7,8,0,0,2,0.2962962962962963
15,NYG,0.40001194594534706,2,4,13,0,0,0,1.3
16,NYG,0.5316355136455968,7,16,133,1,1,0,0.6244131455399061
17,NYG,-2.061729279968789,27,41,319,1,1,6,0.9608433734939759
18,NYG,9.55054857267519,23,32,297,1,1,1,0.939873417721519
15,HOU,-2.5340544037528776,23,36,229,1,1,3,0.8297101449275363
16,HOU,-18.117274977848865,11,17,62,0,2,3,0.6138613861386139
1,DEN,2.355538343570046,27,34,177,2,0,2,1.2919708029197081
2,DEN,3.3465051103927843,18,32,308,3,1,7,1.0266666666666666
3,DEN,2.2087187350008812,23,38,306,1,1,1,0.7427184466019418
4,DEN,14.21806286516332,21,28,223,3,0,1,1.2458100558659218
5,DEN,-10.412276005515249,20,31,196,2,0,4,1.1073446327683616
6,DEN,-18.298592432925943,13,22,95,1,2,4,0.811965811965812
7,DEN,4.095713499630485,20,29,194,1,0,1,0.8546255506607929
8,DEN,-4.8447875870412584,12,19,114,3,0,6,0.8976377952755905
10,DEN,5.758063172628668,24,29,193,2,0,4,1.93
11,DEN,1.4860982910168274,27,35,259,1,0,2,1.111587982832618
12,DEN,4.45424141373951,13,22,134,1,0,1,1.098360655737705
13,DEN,-14.968118985611403,15,26,186,1,3,3,0.5552238805970149
14,DEN,-2.21562039923466,21,33,224,2,1,2,1.341317365269461
15,DEN,-2.3929814262664877,18,32,223,1,0,2,0.9612068965517241
16,DEN,-1.1267621187165258,25,37,238,2,0,5,0.7345679012345679
1,MIN,0.32368977627827666,33,44,344,2,1,2,1.1543624161073827
2,MIN,17.481337210163474,31,44,364,4,0,2,0.9122807017543859
3,MIN,1.4202402869707438,32,50,367,3,1,4,0.924433249370277
4,MIN,-10.878062953648623,12,19,139,2,2,2,0.8323353293413174
5,MIN,2.5681459510758153,29,47,284,2,0,3,0.8
6,MIN,-6.169656257693803,21,31,181,1,0,2,0.9576719576719577
7,MIN,12.85741865847513,35,45,378,2,1,0,1.5180722891566265
8,MIN,19.499932799483048,23,31,274,2,0,2,1.3838383838383839
1,TEN,-12.0429618927599,16,34,198,0,3,3,0.6387096774193548
2,TEN,1.4567640593870608,20,24,246,1,0,5,1.1658767772511849
3,TEN,-14.025611756842375,13,25,104,0,0,5,0.4094488188976378
4,TEN,7.165728041705081,18,25,240,1,1,3,0.7817589576547231
5,TEN,9.329527414469329,23,34,264,0,1,1,1.0232558139534884
6,TEN,-10.508053488856875,8,16,76,0,1,2,0.5801526717557252
16,TEN,-2.6874157276470214,18,26,152,0,0,6,1.1968503937007875
17,TEN,-2.4355689408452954,16,20,168,0,0,5,2.27027027027027
18,TEN,0.881224628596101,17,26,168,2,1,2,1.1666666666666667
17,JAX,NA,0,0,0,0,0,0,NA
1,SEA,-4.389090738004491,16,26,112,1,0,2,0.8818897637795275
2,SEA,14.869270530748487,32,41,328,2,0,1,1.2664092664092663
3,SEA,5.2735152484276275,23,36,296,1,1,2,0.9966329966329966
4,SEA,-9.127239332726395,13,20,110,1,0,2,1.4102564102564104
6,SEA,-3.616049409648474,27,41,326,0,2,4,0.9449275362318841
7,SEA,7.2816635705999575,18,24,219,2,1,2,0.9563318777292577
8,SEA,2.6245567447569806,23,37,254,2,2,1,0.8943661971830986
9,SEA,-14.661981639171309,13,28,157,0,1,4,0.7168949771689498
10,SEA,5.205711377139459,31,47,369,2,0,1,1.3273381294964028
11,SEA,5.416796529322654,22,34,233,1,0,2,0.9914893617021276
12,SEA,-11.940727955094662,18,27,180,0,1,6,0.6206896551724138
13,SEA,11.57318432268221,23,41,334,3,1,0,1.4458874458874458
16,SEA,11.052164996637064,25,36,227,2,0,3,0.978448275862069
17,SEA,7.223915382146952,23,33,290,1,0,1,1.288888888888889
18,SEA,5.654846886358095,16,28,189,2,0,0,1.105263157894737
5,DET,NA,0,0,0,0,0,0,NA
1,NO,3.6704846313371933,23,33,305,1,1,4,0.8068783068783069
2,NO,-2.1891075282538184,21,36,228,0,1,4,0.8172043010752689
3,NO,0.07446693118935999,13,18,103,1,0,3,0.7923076923076923
4,NO,-12.751911281074792,23,37,127,0,0,2,0.450354609929078
5,NO,3.4477739772610976,18,26,183,2,0,2,0.7349397590361446
6,NO,5.213855274451472,32,50,353,1,1,2,0.6814671814671814
7,NO,-16.85071141964793,33,55,301,1,1,1,0.9347826086956522
8,NO,13.525134789408185,19,27,310,2,0,1,0.9337349397590361
9,NO,2.713006294238157,25,34,211,2,0,0,1.4755244755244756
10,NO,-2.3130262496371943,13,18,110,0,0,2,1.134020618556701
12,NO,-1.2685188326217418,24,38,304,0,1,1,0.9240121580547113
13,NO,7.331379322044086,17,22,226,1,1,2,1.4394904458598725
14,NO,-9.563635846828337,18,26,119,2,1,1,1.091743119266055
15,NO,9.947751399060019,23,28,218,3,0,1,1.217877094972067
16,NO,0.7056747059687041,27,40,319,3,1,2,0.843915343915344
17,NO,9.247694994742734,24,32,197,2,0,1,1.1939393939393939
18,NO,14.978746151984353,22,28,264,4,0,2,1.1330472103004292
14,CIN,-1.6931319367140532,1,1,-1,0,0,0,0
18,CIN,-3.5579401078866795,3,4,20,0,0,1,0
1,LV,13.086084981785486,20,26,200,2,1,0,1.092896174863388
2,LV,-2.0070985654510527,16,24,185,1,2,0,0.9736842105263158
3,LV,-8.352473780592542,28,44,324,2,3,4,0.7105263157894737
5,LV,-0.7268434750931592,22,31,208,1,1,3,1.3506493506493507
6,LV,5.130306091690607,14,22,162,1,1,0,1.1824817518248176
8,LV,-24.156507637933828,10,21,126,0,1,6,0.5384615384615384
18,LV,-2.135103028267622,0,1,0,0,0,1,0
3,NO,-2.519490228338142,10,16,101,0,0,1,0.696551724137931
4,NO,-2.82205399236409,0,1,0,0,1,0,0
5,NO,NA,0,0,0,0,0,0,NA
10,NO,-4.560712916892953,13,25,122,2,2,1,0.3152454780361757
13,NO,0.11323756276397035,2,5,41,0,0,0,0.9111111111111111
14,NO,NA,0,0,0,0,0,0,NA
8,ATL,6.048243212197201,12,21,175,1,0,1,0.8663366336633663
9,ATL,-1.4887448844313336,21,38,268,1,1,1,0.6854219948849105
10,ATL,-7.530447752532551,8,15,55,1,0,3,0.6547619047619048
16,ATL,7.642198999814564,23,33,229,1,0,1,1.5266666666666666
17,ATL,-6.314528683457766,10,29,163,1,3,2,0.5275080906148867
13,NYJ,-7.564943343139021,5,13,66,0,0,3,0.5409836065573771
15,NYJ,-9.411222703638487,14,26,110,0,2,2,0.46808510638297873
16,NYJ,-15.972939805726302,27,49,217,1,1,0,1.75
17,NYJ,-10.637966791807788,32,45,261,1,1,2,1.5
18,NYJ,-11.007632592412083,8,20,70,0,0,1,0.44025157232704404
13,PHI,-0.3476434804033488,2,3,16,0,0,0,3.2
18,PHI,-4.762452383960964,13,20,148,1,1,3,0.8554913294797688
18,CLE,-10.957208045409061,13,26,166,2,2,3,0.7155172413793104
18,LA,7.064853062212933,17,24,163,2,1,2,1.0251572327044025
1,DAL,4.17848433913809,13,24,143,0,0,0,0.8881987577639752
2,DAL,10.077872056186449,31,38,255,2,0,1,1.536144578313253
3,DAL,-3.659614854047325,25,40,249,1,1,2,1.2087378640776698
4,DAL,3.933240894897108,28,34,261,1,0,3,1.2608695652173914
5,DAL,-12.18878598313313,14,24,153,1,3,3,0.5032894736842105
6,DAL,6.778182700220884,21,30,272,1,0,5,1.0264150943396226
8,DAL,11.593556129590604,25,31,304,4,1,3,1.1301115241635689
9,DAL,12.918436241445182,29,44,374,3,0,5,0.8904761904761904
10,DAL,16.128327141632326,26,35,404,4,1,0,1.0548302872062663
11,DAL,7.6395618677019,25,38,189,2,0,0,0.9043062200956937
12,DAL,18.192239626375578,22,32,331,4,0,0,0.7042553191489361
13,DAL,13.770497584657994,29,41,299,3,0,4,1.2510460251046025
14,DAL,-0.054984303969386916,24,39,271,2,0,3,1.018796992481203
15,DAL,-12.449003155246528,21,34,134,0,1,3,0.5234375
16,DAL,8.432478624566755,20,32,253,2,0,4,1.4293785310734464
17,DAL,11.299152896313498,26,38,345,2,1,3,0.8756345177664975
18,DAL,22.099422981782563,31,36,279,4,1,0,1.4919786096256684
1,DET,6.543756803672295,22,35,253,1,0,1,1.0630252100840336
2,DET,8.152201352508701,28,35,323,3,1,2,1.1137931034482758
3,DET,2.7206899089548573,22,33,243,1,1,0,0.8933823529411765
4,DET,2.4591233149722904,19,28,210,1,1,2,1.1666666666666667
5,DET,5.771698093274608,20,28,236,3,0,2,1.4842767295597483
6,DET,17.925803287663015,30,44,353,2,0,3,1.3074074074074074
7,DET,-12.379357203666586,33,53,284,0,1,5,0.8328445747800587
8,DET,2.3991140622339024,26,37,272,1,1,0,1.590643274853801
10,DET,14.826729859458283,23,33,333,2,0,0,1.3591836734693878
11,DET,-2.145054559397977,23,35,236,2,3,2,0.963265306122449
12,DET,-5.440493225352839,29,44,332,2,0,3,1.0440251572327044
13,DET,8.439438044373311,16,25,213,2,0,1,1.1899441340782122
14,DET,-6.335564998094924,20,35,161,1,2,4,0.6764705882352942
15,DET,15.231727600214072,24,34,278,5,0,2,0.9586206896551724
16,DET,14.274304325256997,30,40,257,1,0,1,1.7248322147651007
17,DET,-1.6409641929907326,19,34,271,1,2,1,1.2098214285714286
18,DET,10.87409844600108,23,32,320,2,0,1,1.2549019607843137
15,WAS,9.427990246273112,8,10,124,2,0,0,1.1272727272727272
16,WAS,6.947744549863273,10,13,100,1,0,0,1.4705882352941178
6,CLE,-14.264403022690109,18,34,192,0,2,2,0.8067226890756303
7,CLE,-3.3300769146376688,15,32,178,0,1,2,0.7091633466135459
8,CLE,-5.688340737857574,15,31,248,1,2,3,0.8763250883392226
10,CLE,-0.2794255707995035,0,1,0,0,0,0,0
12,CLE,-11.402487118903082,6,13,56,0,0,4,0.5957446808510638
14,MIN,1.6778485485701822,9,13,83,0,0,0,0.8556701030927835
15,MIN,11.740158662526127,26,33,303,2,2,3,1.4093023255813955
16,MIN,5.6913213593070395,22,36,411,2,4,4,0.7798861480075902
17,MIN,-4.1967074410640635,13,22,113,1,0,1,0.8014184397163121
18,MIN,-2.6157523604154265,30,44,396,2,2,4,0.99
1,NO,NA,0,0,0,0,0,0,NA
2,NO,0.5803323040599935,1,1,8,0,0,0,1.6
3,NO,NA,0,0,0,0,0,0,NA
4,NO,-0.3197493079351261,1,1,13,0,0,1,1.625
5,NO,NA,0,0,0,0,0,0,NA
6,NO,0.08685685053933412,1,1,4,0,0,0,1
7,NO,NA,0,0,0,0,0,0,NA
8,NO,2.595579115615692,1,2,44,0,0,0,0.8979591836734694
9,NO,0.8065087035065517,1,1,3,1,0,0,1
10,NO,NA,0,0,0,0,0,0,NA
12,NO,NA,0,0,0,0,0,0,NA
13,NO,-1.4256790415383875,0,2,0,0,0,0,0
15,NO,-0.5991178345866501,0,1,0,0,0,0,0
16,NO,NA,0,0,0,0,0,0,NA
17,NO,0.49068568175425753,1,2,11,0,0,0,0
18,NO,-0.7570095867849886,0,0,0,0,0,1,NA
1,CLE,-10.871305896014098,16,29,154,1,1,3,0.46808510638297873
2,CLE,-15.953177403144817,22,40,235,1,1,6,0.5949367088607594
3,CLE,12.508116518452686,27,33,289,2,0,3,1.0625
7,CLE,-5.8757238739635795,1,5,5,0,1,0,0.09615384615384616
9,CLE,1.4342772680909022,19,30,219,2,0,1,1.037914691943128
10,CLE,-0.1923484141191314,20,34,213,1,1,4,0.6377245508982036
1,DAL,-2.601653972407803,0,1,0,0,0,0,0
4,DAL,1.5769879361032508,2,2,20,0,0,0,1
5,DAL,-1.4217072618193924,2,2,8,0,0,1,8
8,DAL,-2.3172528342111036,2,3,3,0,0,0,0.125
10,DAL,-0.29045116109773517,7,9,68,0,1,0,0.8947368421052632
11,DAL,-1.0920929117128253,2,3,15,0,0,0,0.3125
18,DAL,0.9062224575763875,3,4,30,0,0,0,1.1538461538461537
4,PIT,-1.1255575283430517,3,5,18,0,0,0,0.6428571428571429
8,PIT,-7.641714351077098,15,27,138,1,2,2,0.552
13,PIT,8.028602926241097,11,17,117,1,0,0,0.6610169491525424
14,PIT,-16.507744101715836,22,35,190,1,1,2,0.6737588652482269
15,PIT,-2.4031188849476166,16,23,169,1,2,3,0.6869918699186992
1,KC,-6.4536129623823655,21,39,226,2,1,0,0.6384180790960452
2,KC,10.558776084871267,29,41,305,2,1,1,1.1131386861313868
3,KC,20.917330593607605,24,33,272,3,0,0,1.2197309417040358
4,KC,0.6326508337961019,18,30,203,1,2,1,1.041025641025641
5,KC,14.760243160670512,31,41,281,2,0,2,1.16597510373444
6,KC,4.571162276312816,30,40,306,1,1,2,1.9367088607594938
7,KC,22.31995404173889,32,42,424,4,1,1,1.2361516034985423
8,KC,-10.966318837583815,24,38,240,0,2,3,0.8664259927797834
9,KC,1.3612226745462976,20,30,185,2,0,2,1.1077844311377245
11,KC,-8.02547696947013,24,43,177,2,1,1,0.4621409921671018
12,KC,12.587395862261761,27,34,298,2,0,1,1.784431137724551
13,KC,3.9477347129723346,21,33,210,1,1,3,0.7342657342657343
14,KC,-2.9969492363316514,25,43,271,1,1,1,0.9508771929824561
15,KC,2.109378518108879,27,37,305,2,2,3,1.425233644859813
16,KC,-14.331734661759542,27,44,235,1,1,4,1.4779874213836477
17,KC,-0.030240401020961483,21,29,245,1,0,2,1.6666666666666667
3,JAX,0.4268732601776719,2,2,9,0,0,0,1.2857142857142858
6,JAX,NA,0,0,0,0,0,0,NA
10,JAX,-1.0978968928102404,1,2,5,0,0,0,0.45454545454545453
13,JAX,0.9100369421664873,9,10,63,0,0,2,0.9
16,JAX,0.15062477526953444,11,15,94,1,0,1,0.9591836734693877
17,JAX,5.191076907221023,17,24,178,0,0,3,1.1633986928104576
1,ARI,-9.239667566276069,21,30,132,0,0,3,0.7096774193548387
2,ARI,7.4308851843492665,21,31,228,1,0,0,0.7378640776699029
3,ARI,4.56063140622018,17,21,189,1,0,2,1.4427480916030535
4,ARI,3.8983110031806874,28,41,265,2,0,1,0.7817109144542773
5,ARI,-15.65153375652153,15,32,166,2,2,3,0.532051282051282
6,ARI,-17.462166118847428,21,41,235,0,1,2,0.5516431924882629
7,ARI,-12.358147968825682,19,33,146,0,0,4,0.6293103448275862
8,ARI,-8.744719452253776,25,37,208,2,2,2,0.7908745247148289
9,MIN,-4.969575328276971,20,30,158,2,0,3,0.797979797979798
10,MIN,8.31462603116892,23,34,268,1,0,1,1.00374531835206
11,MIN,1.061477755532914,20,32,221,1,1,2,0.9444444444444444
12,MIN,-23.790539162216255,22,32,185,1,4,2,0.7088122605363985
14,MIN,-13.79923919798222,10,23,63,0,0,5,0.3888888888888889
7,CHI,-0.09442649222910404,0,0,0,0,0,1,NA
11,NYJ,-7.643585715384688,7,14,33,0,1,1,0.3626373626373626
12,NYJ,-18.66758491814835,27,38,179,1,2,7,1.0654761904761905
13,NYJ,-4.676407473485347,14,25,148,0,1,1,0.6788990825688074
3,MIA,4.690234114881605,2,2,67,1,0,0,1.9142857142857144
6,MIA,-8.976947910850868,0,1,0,0,1,0,NA
12,MIA,NA,0,0,0,0,0,0,NA
13,MIA,-1.0640873379306868,1,1,3,0,0,0,0
15,MIA,-1.8901005836669356,2,2,4,0,0,0,0
17,MIA,NA,0,0,0,0,0,0,NA
18,ATL,-10.079575101757655,3,4,27,0,1,1,4.5
2,BUF,NA,0,0,0,0,0,0,NA
3,BUF,NA,0,0,0,0,0,0,NA
4,BUF,NA,0,0,0,0,0,0,NA
11,BUF,NA,0,0,0,0,0,0,NA
15,BUF,NA,0,0,0,0,0,0,NA
17,BUF,NA,0,0,0,0,0,0,NA
15,PIT,-5.6805059256148525,2,3,3,0,0,1,0.2
16,PIT,8.335159954724112,17,27,290,2,0,1,1.1646586345381527
17,PIT,11.097580417471297,18,24,274,0,0,1,1.5054945054945055
18,PIT,0.573040845541982,18,20,152,1,0,3,2.111111111111111
1,BAL,-4.415662565714761,17,22,169,0,1,4,1.6568627450980393
2,BAL,12.392853365532094,24,33,237,2,0,0,0.79
3,BAL,-7.2513471138071,22,31,202,0,0,4,1.015075376884422
4,BAL,6.872492622467689,15,19,186,2,0,3,1.55
5,BAL,-13.225236594514607,22,38,236,0,1,4,0.5592417061611374
6,BAL,5.846638061230958,21,30,223,1,1,1,0.9823788546255506
7,BAL,25.262835674511734,21,27,357,3,0,0,1.6153846153846154
8,BAL,-4.98437022745088,18,27,157,1,0,4,0.98125
9,BAL,-3.1819175304861713,21,26,187,0,0,1,0.7991452991452992
10,BAL,-5.893444059215654,13,23,223,1,2,3,0.9291666666666667
11,BAL,8.243131167493246,16,26,264,2,0,3,0.8655737704918033
12,BAL,-3.558443205733816,18,32,177,1,0,2,1.0411764705882354
14,BAL,11.559825902449342,24,43,316,3,1,2,0.5787545787545788
15,BAL,-3.565044596736317,14,24,171,1,1,3,0.8860103626943006
16,BAL,4.920349201298974,23,35,252,2,0,2,1.4736842105263157
17,BAL,28.995928248681594,18,21,321,5,0,1,1.3956521739130434
1,TB,0.9109713025364148,21,34,173,2,0,1,0.6865079365079365
2,TB,13.25848529643427,26,34,317,1,0,0,1.257936507936508
3,TB,0.5610822458160358,15,25,146,1,1,2,0.553030303030303
4,TB,8.84839650185313,25,32,246,3,1,1,1.4385964912280702
6,TB,-8.300111832407799,19,37,206,0,1,1,0.4650112866817156
7,TB,0.5751858274117692,27,42,275,1,1,3,0.8647798742138365
8,TB,-1.0801537833780106,25,42,237,2,0,3,0.7745098039215687
9,TB,10.579215147870128,21,30,265,2,0,2,1.003787878787879
10,TB,7.865437767983115,18,29,278,2,1,3,0.7965616045845272
11,TB,-9.188732027629158,29,45,246,1,1,4,0.6044226044226044
12,TB,-7.509872112456654,20,30,199,2,1,6,0.9802955665024631
13,TB,-3.701134300499689,14,29,202,1,1,1,0.643312101910828
14,TB,2.4492407522937616,14,29,144,2,0,1,0.508833922261484
15,TB,23.46660046726831,22,28,381,4,0,5,1.5059288537549407
16,TB,12.943090209003836,26,35,283,2,0,2,1.2358078602620088
17,TB,6.979737302695867,22,33,309,2,2,2,1.0804195804195804
18,TB,-7.991260263885486,20,32,137,0,0,3,0.548
1,BUF,-1.4093970255351735,29,41,236,1,3,5,0.6982248520710059
2,BUF,13.21760739837191,31,37,274,3,0,2,1.6023391812865497
3,BUF,5.211040452186173,20,32,218,1,1,0,0.7124183006535948
4,BUF,22.19731426213972,21,25,320,4,0,2,1.5609756097560976
5,BUF,14.9453127423767,27,40,359,2,1,0,0.8103837471783296
6,BUF,1.2013992320389688,19,30,169,2,1,0,0.6401515151515151
7,BUF,8.579465328659799,27,41,265,2,1,1,0.5902004454342984
8,BUF,1.8202115608550784,31,40,324,2,1,2,1.3556485355648535
9,BUF,3.596652031051859,26,38,258,1,1,1,0.86
10,BUF,-5.041388048557565,15,26,177,1,2,0,0.7831858407079646
11,BUF,12.000879541489958,20,32,275,3,1,1,1.206140350877193
12,BUF,7.660534720481227,29,51,339,2,1,1,0.8329238329238329
14,BUF,-2.0088587999831455,23,42,233,1,1,3,0.6714697406340058
15,BUF,-0.4609956982137855,7,15,94,1,0,1,0.7966101694915254
16,BUF,10.033300907642115,15,21,237,1,1,1,0.855595667870036
17,BUF,-4.945098244781253,15,30,169,0,1,1,0.5029761904761905
18,BUF,3.935817859484814,30,38,359,2,2,3,0.9755434782608695
1,SF,NA,0,0,0,0,0,0,NA
3,SF,NA,0,0,0,0,0,0,NA
4,SF,NA,0,0,0,0,0,0,NA
5,SF,-1.0555692620109767,1,1,1,0,0,0,0
10,SF,-2.4168919341173023,1,2,6,0,0,0,0
13,SF,NA,0,0,0,0,0,0,NA
15,SF,0.04260692391489673,2,3,20,0,0,0,1
16,SF,-0.6477612565504387,8,14,81,1,1,2,0.81
17,SF,-1.7085371020948514,0,0,0,0,0,1,NA
18,SF,5.523995909395049,16,26,189,1,0,3,0.75
8,LA,-5.129441424680408,5,10,42,0,0,1,0.7924528301886793
9,LA,-14.595850082733032,13,28,130,0,1,1,0.4961832061068702
1,CIN,-1.24702901893761,0,1,0,0,0,0,0
11,CIN,-5.374978195216586,8,14,68,1,0,3,0.4594594594594595
12,CIN,-2.747910093474186,19,26,227,1,1,4,1.7196969696969697
13,CIN,19.50506688831062,32,37,354,1,0,2,2.1325301204819276
14,CIN,7.979605776898097,18,24,275,2,1,0,2.5462962962962963
15,CIN,10.253093997918768,29,42,324,2,1,4,0.8594164456233422
16,CIN,-8.639249561096868,28,42,335,1,3,3,1.3562753036437247
17,CIN,0.0672544692590038,19,33,197,1,0,6,0.76953125
18,CIN,2.503222872829731,18,24,156,3,1,2,1.4857142857142858
10,ARI,-5.510303714336204,19,32,249,0,1,2,0.7477477477477478
11,ARI,-6.826709361931806,20,30,214,1,1,3,0.7725631768953068
12,ARI,-13.317040873352765,27,45,256,1,0,4,0.6632124352331606
13,ARI,1.1446906625345359,13,23,145,1,0,2,0.838150289017341
15,ARI,-6.408165062213152,26,39,211,1,2,3,0.8978723404255319
16,ARI,-5.7748675456398555,24,38,230,2,0,2,1.0407239819004526
17,ARI,9.116396065266414,25,31,232,3,1,1,1.6223776223776223
18,ARI,14.697530754196652,22,30,262,1,0,1,1.5688622754491017
17,DEN,4.700232412085761,20,32,224,1,0,2,0.9256198347107438
18,DEN,0.3531887839199044,20,34,272,1,1,5,0.8421052631578947
14,LAC,-6.7211686507216655,13,24,179,0,0,2,0.8364485981308412
15,LAC,-10.32050233357586,23,32,257,3,1,3,1.7248322147651007
16,LAC,-1.0849161199779078,23,33,215,0,0,5,0.849802371541502
17,LAC,-0.6990487659365119,24,38,220,0,0,1,0.7857142857142857
18,LAC,-15.186350245580389,28,47,258,0,0,3,0.8376623376623377
1,IND,-4.754616433085175,0,2,0,0,0,0,0
2,IND,8.907145353119489,19,23,171,1,0,0,1.425
3,IND,-8.418345229189796,27,44,227,1,0,5,0.6618075801749271
5,IND,7.407801365479827,11,14,155,0,0,0,2.0945945945945947
6,IND,-11.561452929262398,33,55,329,1,3,3,0.8350253807106599
7,IND,0.7342462386582906,15,23,305,2,1,4,1.4593301435406698
8,IND,-2.0379720588497103,23,41,213,2,1,2,0.6553846153846153
9,IND,-1.0497175877787492,17,26,127,1,0,1,1.3655913978494623
10,IND,2.4175481618581065,18,28,194,0,1,0,0.7854251012145749
12,IND,-0.09710011280425235,24,41,251,0,1,2,1.0161943319838056
13,IND,4.990761869994218,26,42,312,2,0,3,1.0032154340836013
14,IND,-0.4344656739080248,26,39,240,1,1,3,1.0126582278481013
15,IND,-0.6965998019654951,18,28,215,3,0,3,1.0093896713615023
16,IND,-8.085402387826932,20,37,201,0,1,6,0.5432432432432432
17,IND,11.492219796404243,15,23,224,1,0,1,1.4267515923566878
18,IND,-4.5657571244969954,13,24,141,0,0,1,0.5949367088607594
4,SEA,1.799429426464485,2,6,63,0,0,0,1.26
11,SEA,-5.48228724184446,2,6,3,0,1,0,0.033707865168539325
14,SEA,-0.2363125089323148,22,31,269,2,2,4,1.1446808510638298
15,SEA,3.265447533214444,22,33,208,1,0,2,0.8421052631578947
1,NYG,-22.697970342473127,15,28,104,0,2,7,0.574585635359116
2,NYG,8.180348059220705,26,37,321,2,1,3,0.9277456647398844
3,NYG,-8.18383260950047,22,32,137,0,1,2,0.7210526315789474
4,NYG,-29.01369021102904,27,34,203,0,2,10,1.624
5,NYG,-4.5957046443267755,14,20,119,0,0,6,0.9296875
9,NYG,-4.144154457608238,4,9,25,0,0,2,0.1984126984126984
4,BAL,NA,0,0,0,0,0,0,NA
7,BAL,-0.9280543375061825,0,1,0,0,0,0,0
9,BAL,5.176841295120539,5,7,38,1,0,0,1.1176470588235294
17,BAL,4.22594323719386,1,1,19,1,0,0,1
18,BAL,-4.674275439687568,15,28,146,1,0,4,0.8588235294117647
1,MIA,27.078330696646354,28,45,466,3,1,0,0.9414141414141414
2,MIA,11.266563081514585,21,30,249,1,1,1,0.9256505576208178
3,MIA,26.372212297806982,23,26,309,4,0,0,2.06
4,MIA,-3.48410618014168,25,35,282,1,1,4,1.5
5,MIA,-1.8441978553910436,22,30,308,2,2,1,2.5040650406504064
6,MIA,16.12479107605759,21,31,262,3,0,0,0.9562043795620438
7,MIA,-3.8402599184064217,23,32,216,1,1,3,0.833976833976834
8,MIA,12.581885234021849,30,45,324,3,1,2,1.062295081967213
9,MIA,0.5236871447996236,21,34,193,1,0,3,0.6868327402135231
11,MIA,4.769229019801378,28,39,325,2,1,1,1.1016949152542372
12,MIA,4.45056448865949,21,30,243,1,2,2,1.653061224489796
13,MIA,19.67799806176171,18,24,280,2,0,0,1.2903225806451613
14,MIA,-7.4380432093967865,23,33,240,0,0,5,0.9523809523809523
15,MIA,9.223429321831443,21,24,224,1,0,3,2.3333333333333335
16,MIA,7.294361547796323,24,37,293,1,0,1,0.8093922651933702
17,MIA,-0.4419396678963432,22,38,237,2,2,3,0.9011406844106464
18,MIA,1.2538411483401433,17,27,173,1,2,0,0.5635179153094463
1,GB,17.795653510178614,15,27,245,3,0,1,0.8909090909090909
2,GB,2.6311388129449607,14,25,151,3,0,1,0.6832579185520362
3,GB,-2.9644087828989982,22,44,259,1,1,1,0.49616858237547895
4,GB,-12.693179846350668,23,36,246,1,2,5,0.717201166180758
5,GB,-14.767112767702137,16,30,182,0,3,2,0.7615062761506276
7,GB,7.5664805464003715,21,31,180,2,1,0,0.8490566037735849
8,GB,-7.905982737080194,24,41,229,1,1,4,0.6155913978494624
9,GB,8.078893333065578,20,26,228,1,0,4,1.3179190751445087
10,GB,5.195348850801602,21,40,289,2,2,1,0.7316455696202532
11,GB,10.750950282512573,27,40,322,2,0,3,1.2243346007604563
12,GB,12.759378605006113,22,32,268,3,0,0,0.8874172185430463
13,GB,15.392143603934805,25,36,267,3,0,2,0.9816176470588235
14,GB,-0.21791342134478953,25,39,218,1,1,2,0.9437229437229437
15,GB,3.926120546559818,29,39,284,2,0,2,1.1497975708502024
16,GB,11.282902940933512,17,28,219,2,0,1,0.7657342657342657
17,GB,14.013365820699597,24,33,256,3,0,0,0.7925696594427245
18,GB,15.073805185603186,27,32,316,2,0,1,1.4298642533936652
1,LAC,-1.2410654513043027,23,33,229,1,0,3,0.9786324786324786
2,LAC,9.26494210589466,27,41,305,2,0,3,0.691609977324263
3,LAC,21.501615730756065,40,47,405,3,0,1,1.2695924764890283
4,LAC,-3.676677308384192,13,24,167,1,1,2,0.5778546712802768
6,LAC,-0.20592430754743463,22,37,227,2,1,1,0.88671875
7,LAC,0.5402288636620126,17,30,259,1,2,5,0.7993827160493827
8,LAC,17.087563478392997,31,40,298,3,0,0,1.7126436781609196
9,LAC,-6.611584542193967,16,30,136,0,0,5,0.85
10,LAC,14.587980706253923,27,40,323,4,1,0,1.1831501831501832
11,LAC,5.060112854914548,21,36,260,2,0,2,0.7514450867052023
12,LAC,-11.907626775650716,29,44,217,1,1,3,0.7281879194630873
13,LAC,2.0078626550231666,22,37,212,0,0,0,0.7881040892193308
14,LAC,-19.54357248696033,9,17,96,0,1,4,0.897196261682243
1,PHI,-4.85952255143671,22,33,170,1,0,3,0.5120481927710844
2,PHI,1.1131707055028528,18,23,193,1,1,4,0.9278846153846154
3,PHI,1.7553614552587669,23,37,277,1,2,1,0.8099415204678363
4,PHI,10.566899214391142,25,37,319,2,0,3,0.8015075376884422
5,PHI,7.784427022446399,25,38,303,1,1,1,1.0236486486486487
6,PHI,-6.5059565516402715,28,45,280,1,3,2,0.7692307692307693
7,PHI,2.172574536059983,23,31,279,2,1,3,1.2236842105263157
8,PHI,23.611318518510913,29,38,319,4,0,2,1.049342105263158
9,PHI,8.435014081711415,17,23,207,2,0,3,1.0402010050251256
11,PHI,-3.4149417451117188,14,22,150,0,1,5,0.8928571428571429
12,PHI,0.08719554189211765,18,31,200,3,1,2,0.9049773755656109
13,PHI,10.26057722323575,26,45,298,1,0,3,0.8587896253602305
14,PHI,2.5487039626868744,18,27,197,0,0,1,0.6985815602836879
15,PHI,1.71635226032231,17,31,143,0,2,0,0.4847457627118644
16,PHI,7.3838059724531355,24,38,301,1,1,1,1.4401913875598087
17,PHI,11.54995583853046,18,23,167,3,1,0,0.6447876447876448
18,PHI,-10.87321348884143,7,16,55,0,1,2,0.2956989247311828
1,CIN,-18.635626889657797,14,31,82,0,0,2,0.37104072398190047
2,CIN,1.572308320844988,27,41,222,2,1,1,1.004524886877828
3,CIN,-6.3870241614940735,26,49,259,0,1,2,0.752906976744186
4,CIN,-8.805660734302364,20,30,165,0,0,3,1.2043795620437956
5,CIN,9.498447030530683,36,46,317,3,1,3,1.0566666666666666
6,CIN,-3.312432660459075,24,35,185,2,1,3,0.9158415841584159
8,CIN,13.392601461227597,28,32,283,3,0,3,1.5635359116022098
9,CIN,12.65865346840559,31,44,348,2,0,1,1.2041522491349481
10,CIN,3.1982571250112413,27,40,347,2,2,4,0.9857954545454546
11,CIN,2.9155140989400716,11,17,101,1,0,2,1.01
11,HOU,-0.95239889761433,1,1,2,0,0,0,0
13,HOU,1.542847081553191,1,1,18,0,0,0,3
14,HOU,-9.069208267668728,1,5,4,0,0,1,0.06779661016949153
15,HOU,-0.18297453355626203,0,0,0,0,0,1,NA
16,HOU,3.6321571189328097,15,32,149,2,0,0,0.5936254980079682
10,TB,NA,0,0,0,0,0,0,NA
12,TB,-1.8803028730234743,0,1,0,0,0,0,0
1,CHI,-10.998732079244235,24,37,216,1,1,4,1.9115044247787611
2,CHI,-8.620328064332805,16,29,211,1,2,6,1.1787709497206704
3,CHI,-13.247832806431688,11,22,99,1,1,3,0.31528662420382164
4,CHI,7.1422850987291895,28,35,335,4,1,4,1.0806451612903225
5,CHI,11.508823994980299,15,29,282,4,0,3,1.0601503759398496
6,CHI,-8.60774218969313,6,10,58,0,1,4,1.4146341463414633
11,CHI,4.194769059140295,16,23,169,1,0,2,0.676
12,CHI,-5.58729195784216,27,37,217,0,0,3,2.17
14,CHI,2.9458508168047564,19,33,223,1,0,3,0.9139344262295082
15,CHI,-15.480020451794951,19,40,166,1,2,3,0.38425925925925924
16,CHI,-3.621005084270454,15,27,170,1,1,1,0.6028368794326241
17,CHI,5.367985639412293,20,32,268,1,0,3,0.9305555555555556
18,CHI,-1.293238689303349,11,16,148,0,0,5,1.0422535211267605
1,JAX,-9.001866828126367,24,32,241,2,1,2,1.1157407407407407
2,JAX,-12.625911246076313,22,41,216,0,0,4,0.7883211678832117
3,JAX,2.2051360300596072,27,40,279,1,1,0,0.9554794520547946
4,JAX,4.4045161920384786,23,30,207,1,0,2,1.1564245810055866
5,JAX,8.35737227689242,25,37,315,1,0,5,1.0714285714285714
6,JAX,-3.6709388580254894,20,30,181,2,1,3,0.8153153153153153
7,JAX,4.5950666462427945,20,29,204,1,0,0,1.0909090909090908
8,JAX,7.139634887643097,24,32,292,1,1,3,1.3581395348837209
10,JAX,-17.344053464164666,17,29,185,0,2,5,0.9893048128342246
11,JAX,16.51056056429875,24,32,262,2,0,1,0.8618421052631579
12,JAX,11.437231914085661,23,38,364,1,1,0,1.1304347826086956
13,JAX,10.467320891881942,22,29,258,2,0,2,0.6991869918699187
14,JAX,-6.312173207261367,28,50,257,3,3,4,0.5191919191919192
15,JAX,-12.136260574116172,25,43,264,1,0,1,0.6125290023201856
16,JAX,-4.898182343913382,17,29,211,1,2,3,0.6635220125786163
18,JAX,1.6498609748086892,29,43,280,2,2,0,0.9090909090909091
1,NE,-6.660893661319278,35,54,316,3,1,2,0.7841191066997518
2,NE,-2.3766230029077766,31,42,231,1,1,4,0.6111111111111112
3,NE,5.437647214136642,15,29,201,1,0,0,0.7153024911032029
4,NE,-12.8416448108037,12,21,150,0,2,1,1.2605042016806722
5,NE,-18.67695368431602,12,22,110,0,2,2,0.5445544554455446
6,NE,-3.1864464957031884,24,33,200,0,1,3,1.1363636363636365
7,NE,13.239483982002865,25,30,272,2,0,1,2.72
8,NE,-9.12733173041946,19,29,161,2,1,3,0.805
9,NE,-6.030163121383092,24,44,220,1,1,0,0.5866666666666667
10,NE,-3.619902146221295,15,20,170,0,1,5,2.3943661971830985
12,NE,-9.911773824656848,12,21,89,0,2,1,0.8476190476190476
1,NYJ,-3.1895326425664656,14,21,140,1,1,2,1.4583333333333333
2,NYJ,-18.485197545433778,12,27,170,1,3,3,0.6227106227106227
3,NYJ,-15.248782486806231,18,36,157,0,0,3,0.6460905349794238
4,NYJ,3.608918252683421,28,39,245,2,0,2,0.8419243986254296
5,NYJ,-7.168929509143194,19,26,199,0,1,4,1.0994475138121547
6,NYJ,-9.885183468243898,19,33,186,0,0,5,0.7181467181467182
8,NYJ,-14.034994183657078,17,36,240,1,0,4,0.8727272727272727
9,NYJ,-19.13270812645457,33,49,263,0,0,8,0.7450424929178471
10,NYJ,-4.123176070408278,23,39,263,0,1,2,0.7346368715083799
11,NYJ,-7.6109845521859825,7,15,81,1,1,5,1.0657894736842106
14,NYJ,7.829823942284432,27,36,301,2,0,4,1.2647058823529411
15,NYJ,-13.859405201656045,4,11,26,0,0,4,0.896551724137931
1,WAS,-13.413062730876792,19,31,202,1,1,6,0.8859649122807017
2,WAS,7.249400672420453,27,39,299,2,0,4,1.3056768558951966
3,WAS,-26.450667170560944,19,29,170,0,4,9,0.8292682926829268
4,WAS,7.724412571688452,29,41,290,1,0,5,0.7268170426065163
5,WAS,3.675322935908062,37,51,388,2,1,5,1.005181347150259
6,WAS,-0.1997386012117821,14,23,151,3,0,5,0.6926605504587156
7,WAS,-14.697246201267244,22,42,249,0,1,6,0.6604774535809018
8,WAS,3.5826236466527916,39,52,397,4,1,1,1.0231958762886597
9,WAS,5.039729462119961,29,45,325,1,1,3,0.8463541666666666
10,WAS,11.658417408175435,29,44,312,3,0,3,1.4246575342465753
11,WAS,-8.88358981184046,31,45,256,1,3,4,0.8619528619528619
12,WAS,-12.348847936825509,28,44,300,0,1,4,0.8522727272727273
13,WAS,-14.074273457233675,12,23,127,0,1,3,0.6414141414141414
15,WAS,-12.578237459412776,11,26,102,1,1,1,0.4015748031496063
16,WAS,-23.490221187123097,6,22,56,0,2,1,0.43410852713178294
17,WAS,-9.632565840491566,17,28,169,1,2,1,0.9825581395348837
18,WAS,-6.822633927639816,19,27,153,1,2,4,1
1,SF,6.5278640272773965,19,29,220,2,0,3,0.9090909090909091
2,SF,3.2599135650464697,17,25,206,0,0,1,0.911504424778761
3,SF,16.46249543812681,25,37,310,2,0,2,1.7032967032967032
4,SF,22.84409084377694,20,21,283,1,0,1,1.5635359116022098
5,SF,18.54200110162492,17,24,252,4,0,1,1.1886792452830188
6,SF,-10.562338488182686,12,27,125,1,1,3,0.5
7,SF,8.158350352013063,21,30,272,1,2,1,1.1333333333333333
8,SF,-2.851934379665181,22,31,365,1,2,2,1.3518518518518519
10,SF,17.11725111317794,19,26,296,3,0,2,1.608695652173913
11,SF,15.870389703584639,21,25,333,3,0,4,1.6567164179104477
12,SF,0.7482287154365754,21,30,209,1,1,1,0.7798507462686567
13,SF,22.329711401311215,19,27,314,4,0,2,1.7740112994350283
14,SF,12.758138486300595,19,27,368,2,1,3,1.3529411764705883
15,SF,18.1681928660837,16,25,242,4,0,0,0.7333333333333333
16,SF,-18.069514673683724,18,32,255,0,4,2,1.25
17,SF,12.450718497306731,22,28,230,2,0,0,1.16751269035533
1,PIT,-20.120926569390576,31,46,232,1,2,5,0.709480122324159
2,PIT,-7.772112777774912,15,30,222,1,1,2,1.2906976744186047
3,PIT,5.9215954580455765,16,28,235,2,0,1,1.030701754385965
4,PIT,-13.630709189599646,15,23,114,0,1,3,0.7808219178082192
5,PIT,4.048525538584668,18,32,224,1,0,3,0.7344262295081967
7,PIT,0.6385510045254286,17,25,230,0,0,2,1.07981220657277
8,PIT,-6.398177648077837,10,16,73,0,0,1,0.5407407407407407
9,PIT,3.3539545370808663,19,30,160,1,0,0,1
10,PIT,-5.687628693613217,14,23,126,0,0,1,1.1666666666666667
11,PIT,-11.891549183666939,15,28,106,0,0,3,0.6272189349112426
12,PIT,11.777032637398312,24,33,278,0,0,2,0.996415770609319
13,PIT,-0.4800470601178337,7,10,70,0,0,0,1.5217391304347827
4,NE,-2.9953646172221102,4,9,57,0,0,1,0.5229357798165137
5,NE,-7.567776053445414,3,9,22,0,0,0,0.15827338129496402
10,NE,-0.8285839124000631,3,7,25,0,1,0,0.4716981132075472
12,NE,-6.4132949726772495,9,14,54,0,1,1,2.7
13,NE,-15.719805817992892,13,25,141,0,0,5,0.49473684210526314
14,NE,1.2988814690033905,19,28,240,3,1,2,1.218274111675127
15,NE,-12.918295838332739,23,31,180,1,1,4,1.3953488372093024
16,NE,3.1802255394405154,25,33,256,2,0,2,1.1327433628318584
17,NE,-12.082419550110458,16,26,209,0,3,3,1
18,NE,-27.749018961736947,12,30,88,0,2,7,0.27586206896551724
1,ATL,-4.450449751486303,15,18,115,1,0,4,1.8253968253968254
2,ATL,3.1194444414007774,19,32,237,1,1,1,0.9595141700404858
3,ATL,-14.69095040827284,21,38,201,0,0,7,0.6907216494845361
4,ATL,-19.31930863641901,19,31,191,1,2,4,0.74609375
5,ATL,14.121646988207342,28,37,329,1,0,0,1.0786885245901638
6,ATL,-8.266498811313207,28,47,307,2,3,3,0.7506112469437652
7,ATL,7.05915386592294,19,25,250,0,0,1,1.2315270935960592
8,ATL,-10.739259789815335,8,12,71,0,0,5,0.7473684210526316
10,ATL,2.4857614090433344,4,6,39,0,0,0,0.38613861386138615
12,ATL,-2.746315741154831,13,21,168,1,2,0,1
13,ATL,-3.778801962090527,12,27,121,1,0,3,0.4306049822064057
14,ATL,-3.4233185247805267,26,40,347,1,1,3,0.8784810126582279
15,ATL,3.120557009911863,12,20,152,1,1,0,1.0704225352112675
17,ATL,-2.75917106482666,3,4,17,0,1,0,0.5862068965517241
18,ATL,6.867769799828688,22,30,291,2,1,0,1.4623115577889447
6,TEN,-0.068276936013552,4,5,74,0,0,4,1.8974358974358974
8,TEN,NA,0,0,0,0,0,0,NA
1,GB,NA,0,0,0,0,0,0,NA
17,GB,2.1436268281540833,1,1,37,0,0,0,1.088235294117647
6,CHI,-16.589481437113136,10,14,83,0,1,1,0.8217821782178217
7,CHI,5.508855066349271,21,29,162,1,0,1,3.056603773584906
8,CHI,-8.624904703930952,25,37,232,0,2,1,0.9133858267716536
9,CHI,-3.6926080370794896,18,30,220,2,3,2,1.1956521739130435
10,CHI,-2.019608180303595,20,33,162,0,0,0,0.7297297297297297
8,NYG,-6.947000161278993,2,7,-1,0,0,2,0
9,NYG,-14.882968198391609,15,20,175,1,2,6,1.09375
10,NYG,-11.907895865544461,14,27,86,2,1,5,0.5276073619631901
11,NYG,3.808219777303748,18,26,246,3,0,9,1.0081967213114753
12,NYG,-1.824021166448882,17,25,191,1,0,6,1.0268817204301075
14,NYG,5.1811854265103605,17,21,158,1,0,0,1.144927536231884
15,NYG,-14.636729936639313,20,34,177,0,0,7,0.7937219730941704
16,NYG,-6.6646924380415005,9,16,55,0,0,1,1.4864864864864864
18,NYG,-1.4483296424150467,2,2,14,0,0,1,2.8
4,LV,-11.765604441442477,24,39,238,0,1,7,0.9333333333333333
7,LV,3.992335240240209,10,13,75,1,1,0,0.7575757575757576
9,LV,7.603048639668113,16,25,209,0,0,0,1.0295566502463054
10,LV,-9.807394982754028,16,27,153,1,1,3,0.7766497461928934
11,LV,-9.576633443971339,24,41,271,1,3,2,0.6775
12,LV,4.325248748179089,23,33,248,1,0,1,1.559748427672956
14,LV,-19.20355119294254,21,32,171,0,1,4,1.1875
15,LV,10.630083312629722,20,34,248,4,0,1,0.852233676975945
16,LV,-12.96893692768682,9,21,62,0,0,2,0.39490445859872614
17,LV,8.476911331376785,30,47,299,2,0,2,0.696969696969697
18,LV,11.44188592725486,20,31,244,2,0,2,1.0748898678414096
7,ARI,-1.980460286140442,1,1,4,0,0,0,1
9,ARI,-32.76908288651612,11,20,58,0,2,7,1.183673469387755
10,ARI,NA,0,0,0,0,0,0,NA
12,ARI,NA,0,0,0,0,0,0,NA
15,ARI,NA,0,0,0,0,0,0,NA
18,ARI,NA,0,0,0,0,0,0,NA
4,CLE,-27.36171850353747,19,36,121,0,3,4,0.3853503184713376
8,CLE,0.6945670462446287,1,1,9,0,0,0,0
11,CLE,-9.681774268266912,24,43,165,0,1,1,1.13013698630137
12,CLE,-0.0018359401899856742,14,29,134,1,0,0,0.6350710900473934
14,CLE,NA,0,0,0,0,0,0,NA
15,CLE,2.0642242955509573,1,1,5,0,0,0,0
16,CLE,-4.293592726578936,1,2,6,0,0,1,0
8,MIN,-2.580854845873546,3,4,23,0,0,1,1.6428571428571428
9,MIN,4.896502905612579,5,6,78,0,0,0,2.689655172413793
17,MIN,-14.99169085717639,5,10,67,0,1,3,0.5929203539823009
6,NE,-1.2853722739964724,0,0,0,0,0,1,NA
1,CAR,-10.528563417818297,20,38,146,1,2,2,0.5195729537366548
2,CAR,-12.32737778240337,22,33,153,1,0,4,0.5930232558139535
4,CAR,-13.02082383805393,25,32,204,0,0,5,1.728813559322034
5,CAR,-0.011282131300904386,25,41,247,3,2,1,0.9686274509803922
6,CAR,-10.966093807958625,23,38,217,1,0,4,0.6802507836990596
8,CAR,-0.3340692363736806,22,31,235,1,0,6,1.1989795918367347
9,CAR,-24.652827640945322,24,39,173,1,3,4,0.9611111111111111
10,CAR,-8.250408326359667,21,38,185,0,0,3,0.7198443579766537
11,CAR,-18.73243090448309,16,29,123,1,1,7,0.5885167464114832
12,CAR,-4.867258823719059,18,31,194,0,0,4,0.9748743718592965
13,CAR,-5.070967915060464,15,31,178,0,1,4,0.5686900958466453
14,CAR,-31.291697221108052,13,36,137,0,0,4,0.2795918367346939
15,CAR,-3.88388326859889,18,24,167,0,0,3,0.835
16,CAR,10.878574913417077,23,36,312,2,0,2,0.8387096774193549
17,CAR,-21.465144071611576,19,32,112,0,1,6,0.4357976653696498
18,CAR,-5.80218840235935,11,18,94,0,0,3,0.8952380952380953
8,TEN,5.93669582210714,19,29,238,4,0,2,0.7368421052631579
9,TEN,-3.652388919979264,22,39,262,0,1,4,0.6666666666666666
10,TEN,-11.563321911684694,19,39,199,0,1,4,0.44419642857142855
11,TEN,2.9629585499642417,13,17,158,2,0,2,1.1879699248120301
12,TEN,-0.050409470843737925,18,28,185,0,0,1,0.7974137931034483
13,TEN,0.1449495846555211,16,33,224,1,0,6,0.764505119453925
14,TEN,7.71207234698824,23,38,327,1,1,1,0.9033149171270718
15,TEN,-5.730502565711504,17,26,199,0,1,7,0.5
17,TEN,-9.646544275106862,2,6,16,0,0,1,0.1509433962264151
1,HOU,-11.156192205151807,28,44,242,0,0,5,0.9307692307692308
2,HOU,7.303065555903382,30,47,384,2,0,6,0.8807339449541285
3,HOU,14.348350209458214,20,30,280,2,0,0,1.1111111111111112
4,HOU,9.840384931335983,16,30,306,2,0,0,1.209486166007905
5,HOU,3.2933569529967612,20,35,249,1,0,0,0.8498293515358362
6,HOU,-0.315728024306809,13,27,199,2,1,2,0.8468085106382979
8,HOU,2.4369864267646335,16,24,140,0,0,2,0.7821229050279329
9,HOU,28.418964593821205,30,42,470,5,0,3,1.0151187904967602
10,HOU,5.137883713780642,23,39,356,1,1,1,0.7639484978540773
11,HOU,3.795734735649568,27,37,336,2,3,3,0.900804289544236
12,HOU,0.7591409554233532,26,36,304,2,0,4,0.88115942028985506
13,HOU,1.248777172428555,16,27,274,1,0,5,0.958041958041958
14,HOU,-16.43346299935365,10,23,91,0,0,4,0.4212962962962963
17,HOU,4.086053234528455,24,32,213,1,0,1,1.3067484662576687
18,HOU,12.062857357430085,20,26,264,2,0,2,1.0114942528735633
1,IND,-4.387141410610639,24,37,223,1,1,4,1.0324074074074074
2,IND,1.7329200523672625,6,10,56,0,0,0,3.5
4,IND,5.105916146276286,11,25,200,2,0,2,0.6430868167202572
5,IND,2.1360964990392026,9,12,98,0,0,1,0.7368421052631579
